total_en_pageviews.page,total_en_pageviews.total_views
Joe_Biden,2537073
Kamala_Harris,1913062
Amanda_Gorman,1075717
Donald_Trump,1020262
Beau_Biden,842221
Jill_Biden,688471
Doug_Emhoff,614089
President_of_the_United_States,589765
Ashley_Biden,540000
Hunter_Biden,470834
List_of_people_granted_executive_clemency_by_Donald_Trump,459693
Family_of_Joe_Biden,377255
List_of_presidents_of_the_United_States,343280
Richard_Ramirez,299399
Family_of_Kamala_Harris,285958
Number_One_Observatory_Circle,274339
United_States_presidential_inauguration,272149
Lady_Gaga,265522
Garth_Brooks,260628
Mike_Pence,258678
Donald_J._Harris,251393
Inauguration_of_Joe_Biden,244789
Jimmy_Carter,236631
Neilia_Hunter_Biden,236306
Barack_Obama,230708
Shyamala_Gopalan,229294
Lil_Wayne,223321
Kerstin_Emhoff,214124
Melania_Trump,197007
Tomb_of_the_Unknown_Soldier_(Arlington),195161
Steve_Bannon,192899
Maya_Harris,192766
Meena_Harris,174998
George_W._Bush,171656
QAnon,169328
Nancy_Pelosi,168433
Inauguration_of_Donald_Trump,167663
Kwame_Kilpatrick,164347
Bill_Clinton,164062
Dan_Quayle,163336
Joe_Exotic,161859
Vice_President_of_the_United_States,160453
George_H._W._Bush,157960
Rachel_Levine,156781
United_States,145434
Kodak_Black,144180
Jennifer_Lopez,141689
Glioblastoma,136816
President's_Guest_House,135010
Michael_Boulos,134708
Jill_Jacobs,132065
Bible,128735
WandaVision,126886
Mitch_McConnell,125742
Amy_Klobuchar,124057
Mar-a-Lago,120159
Bridgerton,119842
Roy_Blunt,119099
Deaths_in_2021,114618
UFC_on_ESPN:_Chiesa_vs._Magny,114008
Ronald_Reagan,113788
Howard_Krein,110769
Philip_Rivers,104818
Neilia_Hunter,104311
G-Eazy,104247
List_of_presidents_of_the_United_States_by_age,103749
2020_United_States_presidential_election,102955
The_Hill_We_Climb,101957
Tiffany_Trump,101535
XXXX,100202
Cleopatra,97538
BF,96466
Martin_Luther_King_Jr.,94295
1776_Commission,94214
List_of_people_granted_executive_clemency_by_Barack_Obama,93357
Elon_Musk,91285
United_States_Poet_Laureate,91055
Don_Sutton,89586
This_Land_Is_Your_Land,88811
2021_storming_of_the_United_States_Capitol,85789
John_F._Kennedy,85357
Rebecca_Lobo,84873
White_House,83492
National_Youth_Poet_Laureate,83139
United_States_Senate,81809
Karen_Pence,81606
United_States_presidential_line_of_succession,81456
Ivanka_Trump,81133
Microsoft_Office,80795
Living_presidents_of_the_United_States,80346
Al_Gore,78949
Stephanie_Seymour,76969
Franklin_D._Roosevelt,76847
Amazing_Grace,76754
Abraham_Lincoln,75877
Ivana_Trump,75273
List_of_people_pardoned_or_granted_clemency_by_the_president_of_the_United_States,73949
Richard_Nixon,73738
Marla_Maples,72535
Andrew_Johnson,72311
Federal_pardons_in_the_United_States,71091
Keystone_Pipeline,70535
Sonia_Sotomayor,70465
Historical_rankings_of_presidents_of_the_United_States,70232
Gerald_Ford,69731
The_Star-Spangled_Banner,68610
Olivia_Rodrigo,68479
George_Washington,68149
Tiger_Woods,67853
Wikipedia,67254
Lupin_(TV_series),67056
Elizabeth_II,66669
John_Roberts,66082
Presidential_state_car_(United_States),65907
Jon_Ossoff,65656
Tony_West_(attorney),65635
United_States_Capitol,64294
F5_Networks,63867
Bernie_Sanders,63828
Chuck_Schumer,63616
List_of_vice_presidents_of_the_United_States,62836
Wiktionary:Main_Page,62726
Kellyanne_Conway,62437
Regé-Jean_Page,61231
Religious_affiliations_of_presidents_of_the_United_States,61217
Elaine_Chao,60606
UFC_257,59687
Family_of_Donald_Trump,59622
Donald_Trump_Jr.,59184
Cabinet_of_Joe_Biden,58795
The_Land_of_Gorch,58434
Nuclear_football,58251
Fran_Lebowitz,57279
Julian_Assange,56829
Portal:Current_events,56296
Hillary_Clinton,56067
Dick_Cheney,55470
Democratic_Party_(United_States),54526
List_of_presidents_of_the_United_States_by_time_in_office,51133
Second_impeachment_of_Donald_Trump,50981
Ken_Livingstone,49443
Paul_Pelosi,49311
Alex_Padilla,49224
Lyndon_B._Johnson,49081
Putin's_Palace,48889
Conor_McGregor,48848
"Washington,_D.C.",48691
The_Bay_(TV_series),48525
Rosario_Dawson,48445
2016_United_States_presidential_election,48166
Antony_Blinken,47374
Pardon,45617
Master_(2021_film),45604
Border–Gavaskar_Trophy,45534
William_Henry_Harrison,45477
Cobra_Kai,45471
Patriot_Party_(1960s–1980s),45404
Republican_Party_(United_States),45352
Eugene_Goodman_(police_officer),44958
The_Queen's_Gambit_(miniseries),44857
John_Waters,44198
Dolly_Parton,44122
Dan_Campbell,43932
Peter_Brant,43806
Phil_Spector,43739
Michael_Chiesa,43146
Sam_Cooke,43127
Barron_Trump,42730
United_States_presidential_approval_rating,42615
Charles_Curtis,42602
True_Beauty_(South_Korean_TV_series),42588
2021_World_Men's_Handball_Championship,42376
Malcolm_X,42271
Theodore_Roosevelt,41965
George_Springer,41444
President_pro_tempore_of_the_United_States_Senate,41233
Poet_laureate,41053
Travis_Walton_UFO_incident,40851
"Princess_Margaret,_Countess_of_Snowdon",40804
Tandav_(TV_series),40728
Ana_de_Armas,40564
First_inauguration_of_Barack_Obama,40399
Biden_family,40371
Armie_Hammer,40174
Janet_Yellen,40043
Antifa_(United_States),39893
Arlington_National_Cemetery,39869
Dustin_Poirier,39463
Periodic_table,39147
Survivorship_bias,39024
Jen_Psaki,38869
Alex_Rodriguez,38625
Mike_Pompeo,38525
Michelle_Obama,37826
Kaitlan_Collins,37709
Dwight_D._Eisenhower,37467
Edward_Snowden,37176
Raphael_Warnock,37034
Elizabeth_Olsen,36948
United_States_military_casualties_of_war,36777
Joint_Base_Andrews,36708
XXX,36604
COVID-19_pandemic,36526
Oath_of_office_of_the_president_of_the_United_States,36519
Glenn_Close,36489
Eric_Trump,36458
Promising_Young_Woman,36419
Kelly_Loeffler,36387
File:Antenna_TV_logo.svg,36328
Crossfire_Hurricane_(FBI_investigation),36046
Mac_Miller,36030
Mike_Lindell,35998
Phoebe_Dynevor,35809
Charles_Sobhraj,35786
Former_Presidents_Act,35218
Harry_S._Truman,35106
Oath_Keepers,35030
Drew_Brees,34867
Royal_Rumble_(2021),34651
Help:IPA/English,34511
Patrick_Leahy,34369
"Prince_Philip,_Duke_of_Edinburgh",34322
Tom_Brady,34216
Jenni_Rivera,34205
Sarah_Thomas_(American_football_official),34053
List_of_presidents_of_the_United_States_by_previous_experience,33598
Hitman_3,33579
CSI_effect,33525
Cristiano_Ronaldo,33396
117th_United_States_Congress,33208
Lily_James,33132
Ulysses_S._Grant,32995
Grover_Cleveland,32873
Leo_J._O'Donovan,32706
Attack_on_Titan,32393
2012_United_States_presidential_election,32311
"Charles,_Prince_of_Wales",32268
Jared_Kushner,32245
Josh_Hawley,32144
Air_Force_One,32111
Second_Lady_of_the_United_States,31996
Alexandria_Ocasio-Cortez,31970
Queen_Victoria,31919
Anya_Taylor-Joy,31797
Acie_Law,31620
Anthony_Levandowski,31613
Margaret_Thatcher,31509
President-elect_of_the_United_States,31439
Arsène_Lupin,31387
Marine_One,31331
Tasuku_Honjo,31330
21-gun_salute,31283
Guru_Gobind_Singh,31265
Betty_White,31018
Cory_Booker,30948
Secret_Service_code_name,30889
Second_Ladies_and_Gentlemen_of_the_United_States,30760
Omar_Sy,30552
"Zheng_Shuang_(actress,_born_1991)",30448
Carole_Baskin,30441
Family_of_Barack_Obama,30408
Margo_Harshman,30404
2019–21_ICC_World_Test_Championship,30304
Rosalynn_Carter,30233
Flag_of_the_United_States,29970
Andrew_Jackson,29872
2008_United_States_presidential_election,29855
Presidency_of_Joe_Biden,29639
Laura_Bush,29620
BBC_World_Service,29612
India,29484
Second_inauguration_of_Barack_Obama,29400
Executive_Residence,29173
Kayleigh_McEnany,29142
Elin_Nordegren,29063
COVID-19_pandemic_by_country_and_territory,29051
Jim_Acosta,28822
Attack_on_Titan_(season_4),28801
Karl_Malone,28669
United_Kingdom,28650
P._V._Gopalan,28630
YouTube,28629
"Diana,_Princess_of_Wales",28626
PBS,28595
Watergate_scandal,28580
Vladimir_Putin,28573
List_of_presidents_who_did_not_win_reelection,28438
January_20,28429
Delaware,28267
Google_Classroom,28233
Neil_Magny,28038
John_Neal_(writer),27959
Rishabh_Pant,27943
American_Civil_War,27894
Peaky_Blinders_(TV_series),27807
List_of_states_and_territories_of_the_United_States,27765
Tomb_of_the_Unknown_Soldier,27754
World_War_II,27743
John_Adams,27656
List_of_Presidents_of_the_United_States,27586
Jim_Brown,27364
Valerie_Biden_Owens,27297
Sholam_Weiss,27179
James_Buchanan,27061
Ralph_Macchio,27034
Fred_Trump,27019
Jack_Ma,27013
The_Mandalorian,26955
Pizzagate_conspiracy_theory,26868
Lloyd_Austin,26831
"Mary,_Queen_of_Scots",26788
Presidency_of_Donald_Trump,26784
List_of_female_United_States_presidential_and_vice-presidential_candidates,26759
Muhammad_Ali,26597
Fernando_Torres,26569
United_States_Space_Force,26533
"Cathedral_of_St._Matthew_the_Apostle_(Washington,_D.C.)",26518
The_Expanse_(TV_series),26475
First_Lady_of_the_United_States,26472
Pledge_of_Allegiance,26453
Herbert_Hoover,26431
Outside_the_Wire,26430
Thomas_Jefferson,26262
Kimberly_Guilfoyle,26260
Warren_G._Harding,26219
Aaron_Rodgers,26209
Geraldine_Ferraro,26142
Winston_Churchill,26130
Kevin_McCarthy_(California_politician),26034
Unnikrishnan_Namboothiri,25974
The_Great_Indian_Kitchen,25953
Shirley_Chisholm,25936
Howard_University,25805
One_Night_in_Miami_(film),25725
Joy_Harjo,25706
United_States_House_of_Representatives,25485
List_of_United_States_presidential_firsts,25447
Jason_Segel,25326
Pete_Buttigieg,25270
List_of_UFC_events,25270
George_VI,25251
Adolf_Hitler,25195
Drivers_License_(song),25192
Mario_Mandžukić,25185
Jared_Porter,25151
Tiger_King,25142
Tony_Goldwyn,25127
Walter_Mondale,25060
Avril_Haines,25037
Charlotte_Pence_Bond,25032
Wonder_Woman_1984,25026
Woodrow_Wilson,24898
James_Earl_Ray,24723
B-cell_lymphoma,24666
Steny_Hoyer,24657
Ben_Affleck,24620
Edward_VIII,24611
Kobe_Bryant,24609
Foundations_of_Geopolitics,24510
Montel_Williams,24459
Tipper_Gore,24326
Gigi_Gorgeous,24317
Superstore_(TV_series),24310
Khabib_Nurmagomedov,24294
Alexei_Navalny,24287
Barbara_Bush,24156
Nats_Getty,23449
Dua_Lipa,23377
Paris_Agreement,23371
Resolute_desk,23270
Dakota_Johnson,23223
U.S._state,23106
Trisha_Yearwood,23020
List_of_presidents_of_the_United_States_by_net_worth,22950
Shubman_Gill,22892
COVID-19_vaccine,22886
Tenet_(film),22841
XXXTentacion,22773
Lucille_Ball,22712
United_States_Secret_Service,22685
List_of_current_United_States_senators,22674
Mesut_Özil,22642
Michael_Chandler,22567
Sex,22549
National_League_of_Families_POW/MIA_Flag,22460
Proud_Boys,22443
HTTP_cookie,22408
Ariana_Grande,22405
List_of_Marvel_Cinematic_Universe_films,22268
Calvin_Coolidge,22129
Spanish_flu,22084
Pablo_Escobar,22028
Colin_Powell,21979
Pop_Smoke,21976
Schitt's_Creek,21921
Template:COVID-19_pandemic_data,21908
World_War_II_casualties,21905
Ted_Cruz,21865
The_Serpent_(TV_series),21797
Special:RecentChanges,21778
John_McCain,21721
Special:Watchlist,21684
William_McKinley,21670
Cinderella_(2015_Disney_film),21652
Michael_Jackson,21519
Woody_Guthrie,21460
Dianne_Feinstein,21426
2024_United_States_presidential_election,21294
Arnold_Schwarzenegger,21178
Alejandro_Mayorkas,21063
WhatsApp,21061
Max_Holloway,21059
James_A._Garfield,21046
Edinson_Cavani,20974
Mahatma_Gandhi,20882
American_Revolutionary_War,20832
Hibernation,20820
Martial_law,20692
Ted_Bundy,20682
Washington_Sundar,20680
Doris_Kearns_Goodwin,20647
George_Conway,20636
Thurgood_Marshall,20548
Don_Lemon,20491
Dan_Levy_(Canadian_actor),20474
Soul_(2020_film),20401
I_Am_Legend_(film),20357
Jerome_Adams,20275
Assassination_of_John_F._Kennedy,20272
Paul_Bettany,20205
Ken_Jennings,20198
Coronavirus_disease_2019,20188
William_Zabka,20172
Impeachment_in_the_United_States,20157
Leonardo_DiCaprio,20156
"Anne,_Princess_Royal",20075
Washington_Monument,20063
We_Are_One:_The_Obama_Inaugural_Celebration_at_the_Lincoln_Memorial,19886
Liz_Cheney,19788
California,19774
Kyrie_Irving,19749
Fascism,19720
China,19719
Google,19718
Boulos_Enterprises,19711
Canada,19698
Michael_Jordan,19686
Jeff_Bezos,19679
United_States_Congress,19676
XXX:_Return_of_Xander_Cage,19669
Marvel_Cinematic_Universe:_Phase_Four,19665
Chris_Gaines,19538
Inauguration,19523
Wu_Tang_Clan,19496
James_Maddison,19466
Lauren_Boebert,19465
Elliott_Broidy,19397
Microdata_(HTML),19383
JSON-LD,19378
United_States_Secretary_of_State,19329
Mary_L._Trump,19308
Jacqueline_Kennedy_Onassis,19276
List_of_footballers_with_500_or_more_goals,19272
RDFa,19255
Sokratis_Papastathopoulos,19227
Ted_Kaczynski,19219
Marilyn_Quayle,19196
Patrick_Mahomes,19096
David_Martindale,19044
Ten_Commandments,18997
2000_United_States_presidential_election,18980
World_War_I,18952
2004_United_States_presidential_election,18906
Boris_Johnson,18857
Monica_Lewinsky,18850
New_York_City,18794
Jordan_Cameron,18785
Madison_Cawthorn,18753
Party_leaders_of_the_United_States_Senate,18751
Supreme_Court_of_the_United_States,18703
William_Howard_Taft,18693
Charli_D'Amelio,18642
Ajit_Doval,18590
HTTP_404,18583
List_of_justices_of_the_Supreme_Court_of_the_United_States,18582
Theodore_Roosevelt_desk,18575
Tom_Hanks,18572
Marjorie_Taylor_Greene,18539
Chuck_Grassley,18522
Jim_Clyburn,18479
Ajinkya_Rahane,18451
Y.M.C.A._(song),18441
10th_Mountain_Division,18398
United_States_Naval_Observatory,18397
Martin_Ødegaard,18365
V._Shanta,18336
Abby_Phillip,18325
Disenchantment_(TV_series),18290
Warlley_Alves,18235
List_of_serial_killers_by_number_of_victims,18191
Paul_Ryan,18164
Grimes_(musician),18163
List_of_presidents_of_the_United_States_who_died_in_office,18160
Dwayne_Johnson,18092
Australia,18084
Shepard_Smith,18005
Arjun_Das,18001
1992_United_States_presidential_election,17997
Priti_Patel,17949
New_Radicals,17942
Harshad_Mehta,17938
Alexander_Hamilton,17927
Gadsden_flag,17878
Zachary_Taylor,17863
United_States_National_Guard,17858
List_of_United_States_presidential_assassination_attempts_and_plots,17838
The_Weeknd,17821
Albert_Einstein,17761
Susan_Rosenberg,17733
Mr._Queen,17707
John_Kerry,17515
Trump,17504
NESARA,17503
John_Quincy_Adams,17500
Signal_(software),17482
List_of_The_Expanse_episodes,17468
Steve_Jobs,17435
Parler,17413
Ken_Burns,17380
Joy_Reid,17290
Lana_Clarkson,17282
Billie_Eilish,17255
Juris_Doctor,17227
Insurrection_Act_of_1807,17221
Oval_Office,17158
The_Pirate_Bay,17117
LeBron_James,17068
Pedro_Pascal,17056
Harvard_College,17041
Eisenhower_Executive_Office_Building,17027
Null,17025
Constitution_of_the_United_States,17024
John_F._Kennedy_Jr.,16958
Indian_cricket_team_in_Australia_in_2020–21,16937
George_V,16916
Joe_Biden_sexual_assault_allegation,16913
Mega_Millions,16897
Jenna_Bush_Hager,16891
Chelsea_Manning,16888
September_11_attacks,16862
Designated_survivor,16839
Duke_Cunningham,16814
1988_United_States_presidential_election,16802
Cat,16788
Merrick_Garland,16767
Cabinet_of_the_United_States,16735
Russia,16728
Uyghurs,16715
Zoey_Tur,16684
Outlander_(TV_series),16680
John_Tyler,16678
Peter_Sutcliffe,16652
National_Mall,16626
Gary_O'Donoghue,16619
Joe_biden,16618
Robert_F._Kennedy_Jr,16597
Kim_Kardashian,16526
White_Mughals,16511
Bitcoin,16496
Vietnam_War,16476
My_Pillow,16469
Kylie_Jenner,16440
Caitlyn_Jenner,16426
Frank_Abagnale,16404
Jennifer_Love_Hewitt,16399
Rudy_Giuliani,16351
Your_Honor_(miniseries),16341
Jenna_Coleman,16328
Netflix,16307
The_Gabba,16261
Coca-Cola,16259
Carey_Mulligan,16245
Klaas-Jan_Huntelaar,16240
Benjamin_Harrison,16202
Jujutsu_Kaisen,16191
Super_Bowl_LV,16184
Maya_Angelou,16181
Japan,16136
Clint_Eastwood,16110
Vivek_Murthy,16102
Seniority_in_the_United_States_Senate,16085
Johnny_Depp,16073
Enrique_Tarrio,16072
Hallelujah_(Leonard_Cohen_song),16058
List_of_United_States_cities_by_population,16048
William_Shakespeare,16010
Bill_Clinton_pardon_controversy,16008
Wiki,16006
Forrest_Gump,15994
Richard_Jewell,15977
Richard_Madden,15961
Assassination_of_Martin_Luther_King_Jr.,15958
K.G.F:_Chapter_2,15944
Sightless,15936
Mary_Anne_MacLeod_Trump,15918
African_diaspora,15915
Vikings_(2013_TV_series),15914
Death_of_JonBenét_Ramsey,15890
Martin_Shkreli,15875
Machine_Gun_Kelly_(musician),15865
Lionel_Messi,15862
Peter_Brant_II,15823
Justin_Timberlake,15803
Zlatan_Ibrahimović,15802
List_of_Super_Bowl_champions,15794
Pornhub,15744
Denise_Bidot,15741
List_of_countries_by_GDP_(nominal),15717
Amy_Coney_Barrett,15715
2022_United_States_Senate_elections,15712
A_Discovery_of_Witches_(TV_series),15703
The_Crown_(TV_series),15700
Canyon_Barry,15691
Virat_Kohli,15682
Taylor_Swift,15665
Seven_deadly_sins,15644
Salma_Hayek,15615
"Tesla,_Inc.",15615
1984_United_States_presidential_election,15599
"Louis_Mountbatten,_1st_Earl_Mountbatten_of_Burma",15591
Maisie_Adam,15526
Cheteshwar_Pujara,15513
Hillside_Strangler,15512
Chelsea_Clinton,15511
Denzel_Washington,15493
Bruce_Lee,15479
L.A.'s_Finest,15465
Grey's_Anatomy,15439
Charles_Kushner,15429
BTS,15356
Zoey's_Extraordinary_Playlist,15352
Michael_Sheen,15349
File:The-Presidents-Advisory-1776-Commission-Final-Report.pdf,15348
Jennifer_Connelly,15323
NCIS_(TV_series),15285
Mia_Khalifa,15268
Erin_Burnett,15258
1996_United_States_presidential_election,15233
Dustin_Higgs,15225
The_Office_(American_TV_series),15204
Elizabeth_Holmes,15171
Tom_Cruise,15114
Bill_Gates,15067
Johnny_Cash,15028
Martin_Van_Buren,14987
Catherine_the_Great,14978
John_Cooper_(serial_killer),14960
Elvis_Presley,14943
List_of_prime_ministers_of_the_United_Kingdom,14937
Bobby_Shmurda,14915
Alice_in_Borderland_(TV_series),14886
Joseph_Stalin,14881
Franklin_Pierce,14874
News_of_the_World_(film),14869
District_of_Columbia_Organic_Act_of_1871,14864
List_of_James_Bond_films,14860
Jonathan_Bailey_(actor),14842
Stellantis,14831
Charles_Manson,14829
Ilhan_Omar,14827
Keanu_Reeves,14825
Whig_Party_(United_States),14822
Mohammed_Siraj,14804
Rachel_Uchitel,14789
Camp_David,14784
Bigg_Boss_(Hindi_season_14),14782
Microsoft_Teams,14780
Helena_Bonham_Carter,14751
David_Lynch,14745
Cynthia_Germanotta,14745
MF_Doom,14744
Spiro_Agnew,14735
Marvel_Cinematic_Universe,14734
Ku_Klux_Klan,14732
TikTok,14731
Alexandra_Pelosi,14724
Onision,14723
Nineteen_Eighty-Four,14712
Edward_VII,14695
Telegram_(software),14690
Marilyn_Monroe,14685
Scott_Parker,14685
Mushoku_Tensei,14676
Sweet_Home_(TV_series),14666
Demetress_Bell,14649
CD_Alcoyano,14620
Attack_on_Titan_(TV_series),14615
The_World's_Billionaires,14611
Benjamin_de_Rothschild,14601
Zooey_Deschanel,14600
Speaker_of_the_United_States_House_of_Representatives,14597
Statue_of_Freedom,14565
Charlotte_of_Mecklenburg-Strelitz,14545
Eminem,14539
List_of_Attack_on_Titan_episodes,14537
Andrew_Yang,14529
Impeachment_of_Donald_Trump,14529
Martial_law_in_the_United_States,14519
Scarlett_Johansson,14505
Jeanine_Pirro,14499
Aquarius_(astrology),14485
Sushant_Singh_Rajput,14466
Stephen_Hawking,14462
Betsy_Ross_flag,14441
Impeachment,14437
Chris_Cuomo,14402
Singapore,14402
Germany,14391
Zayn_Malik,14357
Tulsi_Gabbard,14320
Suicide_methods,14309
Covfefe,14303
Barbara_Bush_(born_1981),14300
Elizabeth_I,14286
Ragnar_Lodbrok,14285
Designated_Survivor_(TV_series),14235
Pirates_of_the_Caribbean_(film_series),14228
Ademola_Lookman,14217
Robert_F._Kennedy_Jr.,14212
The_Boys_(2019_TV_series),14191
Jennifer_Aniston,14187
Angelina_Jolie,14132
Mary-Kate_Olsen,14122
Sergeant_at_Arms_of_the_United_States_House_of_Representatives,14117
Wikipedia:Citation_needed,14107
Chernobyl_disaster,14105
Mind_Your_Language,14101
Twentieth_Amendment_to_the_United_States_Constitution,14082
White_House_swimming_pool,14037
Jackie_Evancho,14025
Subhas_Chandra_Bose,14025
Kristy_Swanson,13993
Solar_System,13891
Clarence_Thomas,13889
States_and_union_territories_of_India,13877
Tupac_Shakur,13855
Heath_Ledger,13841
"Prince_Andrew,_Duke_of_York",13828
Jessica_Alba,13825
Harry_Potter_(film_series),13809
Elisabeth_Shue,13805
Rutherford_B._Hayes,13801
Selena_Gomez,13800
Mitt_Romney,13785
Territories_of_the_United_States,13773
United_States_presidential_transition,13769
Second_impeachment_trial_of_Donald_Trump,13766
Laura_Benanti,13757
Boogaloo_movement,13747
Alphonse_Areola,13744
Casey_Affleck,13744
Darryl_Dawkins,13743
Soviet_Union,13735
Manchester_United_F.C.,13732
Riverdale_(2017_TV_series),13730
Ron_Klain,13728
Christine_Pelosi,13715
Commutation_(law),13706
Nelson_Rockefeller,13690
Jane_Lynch,13681
Judas_and_the_Black_Messiah,13675
Chief_Justice_of_the_United_States,13661
Robert_Downey_Jr.,13659
Jeffrey_Epstein,13649
O._J._Simpson,13647
Robert_F._Kennedy,13647
Mark_Harmon,13641
India_national_cricket_team,13604
Candace_Owens,13569
David_Bowie,13566
Jake_Angeli,13563
Mark_Zuckerberg,13546
The_Karate_Kid,13545
Gal_Gadot,13534
L._Lin_Wood,13531
Presidential_transition_of_Joe_Biden,13530
The_Good_Doctor_(TV_series),13525
Sexual_intercourse,13515
Gaslighting,13508
James_Madison,13505
Republic_Day_(India),13504
Murder_of_Travis_Alexander,13503
Minecraft,13502
Isaac_Newton,13498
Batwoman_(TV_series),13491
2021_Indian_Premier_League,13491
Julia_Quinn,13487
Joe_Biden_2020_presidential_campaign,13482
Stand_by_Me_Doraemon_2,13468
Jeffrey_Dahmer,13464
Magnus_Carlsen,13425
Avengers:_Endgame,13423
Vanessa_Trump,13404
Supercoppa_Italiana,13402
Kepler's_Supernova,13399
Euphoria_(American_TV_series),13398
Indus_Valley_Civilisation,13390
Presidential_Medal_of_Freedom,13378
Windows_10_version_history,13359
List_of_youngest_members_of_the_United_States_Congress,13338
Juice_Wrld,13310
List_of_country_calling_codes,13303
Scarlet_Witch,13297
Brooklyn,13269
Leonardo_da_Vinci,13256
"Antony_Armstrong-Jones,_1st_Earl_of_Snowdon",13227
Death_of_Elisa_Lam,13225
Among_Us,13191
Pat_Morita,13185
The_Stand_(2020_miniseries),13179
Napoleon,13170
Audrey_Hepburn,13168
9-1-1:_Lone_Star,13168
Millard_Fillmore,13166
XXX_(2002_film),13163
1980_United_States_presidential_election,13154
Joseph_James_DeAngelo,13149
Ivar_the_Boneless,13138
Angela_Merkel,13122
Desi_Arnaz_Jr.,13113
Steve_Rushin,13099
Woke,13097
2020_United_States_Senate_elections,13078
Sarah_Palin,13040
Keeley_Hawes,13036
Greta_Thunberg,13003
Right_Side_Broadcasting_Network,12987
Zendaya,12980
Breaking_Bad,12969
Gavin_Newsom,12962
I_Have_a_Dream,12954
Sibusiso_Moyo,12946
Frank_Sinatra,12936
Neil_Armstrong,12935
2021,12914
Vikings_(season_6),12906
Narendra_Modi,12893
Claudia_Jessie,12875
Quentin_Tarantino,12820
Lee_Harvey_Oswald,12811
Nikola_Tesla,12811
"Prince_Edward,_Earl_of_Wessex",12808
Luke_Evans,12804
Yellowstone_(American_TV_series),12784
Timothée_Chalamet,12784
Frank_Lampard,12776
Israel,12770
Michelle_Williams_(actress),12763
Raphael_Rowe,12759
Kanye_West,12747
Chris_Hemsworth,12741
Jason_Statham,12735
Milinda_Panha,12729
Olivia_Wilde,12723
The_Big_Bang_Theory,12702
George_Soros,12691
Danny_Ings,12677
123Movies,12671
1972_United_States_presidential_election,12653
Keke_Palmer,12649
Capitol_Hill,12647
Lauren_London,12646
Ruth_Bader_Ginsburg,12635
Taj_Mahal,12627
Matthew_McConaughey,12609
Palindrome,12606
BBC,12605
The_1619_Project,12548
"Camilla,_Duchess_of_Cornwall",12545
Chris_Evans_(actor),12539
Delonte_West,12529
Boogie_(2021_film),12523
Black_Lives_Matter,12518
Game_of_Thrones,12514
List_of_most-viewed_YouTube_videos,12513
Benjamin_Franklin,12499
List_of_presidents_of_the_United_States_by_home_state,12497
Yoweri_Museveni,12485
Emma_Watson,12467
Redo_of_Healer,12464
Ottoman_Empire,12464
John_David_Washington,12459
Jim_Crow_laws,12449
The_Holocaust,12424
Snoop_Dogg,12416
Curse_of_Tippecanoe,12398
Rosie_Rivera,12394
Nikki_Haley,12391
War_of_1812,12390
Pieces_of_a_Woman,12383
Anthony_Mackie,12368
UFC_on_ABC:_Holloway_vs._Kattar,12359
Greenland,12356
Pfizer,12350
Harry_Styles,12348
Chester_A._Arthur,12312
Henry_VIII,12310
Michael_B._Jordan,12304
New_Zealand,12300
Bobby_Fischer,12262
France,12261
Suge_Knight,12260
Rothschild_family,12239
Trump_(president),12235
Desi_Arnaz,12235
Pakistan,12234
United_States_presidential_pets,12232
Kaley_Cuoco,12231
Prodigal_Son_(TV_series),12225
Steve_Harvey,12223
Hwang_Jin_Yi_(film),12218
Yarichin_Bitch_Club,12188
Jimmy_Kimmel,12183
Executive_order,12173
Condoleezza_Rice,12159
Coronavirus,12130
Filibuster_in_the_United_States_Senate,12101
Donnie_Darko,12092
Lindsey_Graham,12092
John_Newton,12091
Malala_Yousafzai,12086
Lucie_Arnaz,12072
George_Washington_Inaugural_Bible,12070
Brad_Pitt,12064
Justin_Bieber,12062
Nicole_Kidman,12057
List_of_serial_killers_in_the_United_States,12006
Elliot_Page,12004
List_of_Knowing_Bros_episodes,12003
Philippines,11997
Shonda_Rhimes,11994
Three_Percenters,11991
Tucker_Carlson,11988
Martin_Luther_King_Jr._Day,11979
Hitman_(franchise),11962
Pitaya,11961
Cha_Eun-woo,11951
Andrews_Air_Force_Base,11950
NATO_phonetic_alphabet,11943
Jimmie_Rodgers_(pop_singer),11928
John_E._Hyten,11925
Amy_James-Kelly,11923
Margot_Robbie,11922
Death_Row_Records,11898
Nicola_Coughlan,11897
Residences_of_Donald_Trump,11889
West_Wing,11884
Cyberpunk_2077,11874
Chilling_Adventures_of_Sabrina_(TV_series),11861
Radium_Girls,11860
Chadwick_Boseman,11851
Cillian_Murphy,11804
Liv_Tyler,11784
Mayim_Bialik,11784
Wikipedia:About,11768
John_Krasinski,11762
Heights_of_presidents_and_presidential_candidates_of_the_United_States,11748
James_K._Polk,11742
Chris_Stirewalt,11741
John_Lydon,11737
Apple_Inc.,11719
1976_United_States_presidential_election,11716
Doug_Marrone,11709
Gordon_Ramsay,11704
Liam_Neeson,11700
Clemency_Burton-Hill,11700
Operation_Trust,11687
Black_January,11683
Godzilla_vs._Kong,11678
Anderson_Cooper,11678
Zodiac_Killer,11674
Amazon_(company),11657
The_Undertaker,11654
The_Beatles,11653
Harry_Brant,11652
Demon_Slayer:_Kimetsu_no_Yaiba,11651
Jennifer_Garner,11650
Beyoncé,11649
The_Promised_Neverland,11636
Xi_Jinping,11632
Priyanka_Chopra,11627
Impeachment_of_Bill_Clinton,11622
Judy_Garland,11606
Star_Wars,11595
Aspire_(TV_network),11582
South_Africa,11582
Pete_Davidson,11581
Millennials,11576
Facebook,11574
List_of_prime_ministers_of_India,11563
Dan_Hooker,11545
Megyn_Kelly,11539
The_Little_Things_(2021_film),11536
Rosa_Parks,11533
Bulletproof_(TV_series),11529
Anne_Hathaway,11526
SmartBear,11518
Michael_Douglas,11510
Snowpiercer_(TV_series),11497
8chan,11493
Aubrey_Plaza,11490
Money_Heist,11477
A_Tale_of_Legendary_Libido,11469
Taiwan,11468
Julius_Caesar,11447
Will_Smith,11443
BDSM,11424
Michael_Brantley,11418
Talulah_Riley,11415
Ken_Kurson,11415
Brooklyn_Nine-Nine,11406
Marie_Curie,11384
Tribhanga_(film),11378
Sergeant_at_Arms_of_the_United_States_Senate,11372
Alexander_the_Great,11369
Special:MyTalk,11360
Eric_Rudolph,11353
The_Uncanny_Counter,11349
Premier_League,11344
Ryan_Reynolds,11342
Grigori_Rasputin,11335
Jessica_Biel,11331
Bill_Belichick,11306
Freddie_Mercury,11305
Xavier_Becerra,11303
Instagram,11285
The_Last_Kingdom_(TV_series),11279
Presidential_Townhouse,11275
Arsenal_F.C.,11275
Michael_Oher,11262
1968_United_States_presidential_election,11259
Rick_Barry,11258
Greek_alphabet,11258
Charlie_Chaplin,11258
Leah_Remini,11251
Casey_Urlacher,11247
London,11231
Netherlands,11229
Janis_Joplin,11226
English_language,11220
Robin_Williams,11219
Emily_Blunt,11197
Starlink,11182
Nelson_Mandela,11177
Al_Jazeera,11168
Jesus,11150
Indonesia,11144
Brendan_Rodgers,11141
Thomas_Tuchel,11137
COVID-19_pandemic_in_the_United_States,11134
Epik_(company),11132
Confederate_States_of_America,11122
Magna_Carta,11120
Fate:_The_Winx_Saga,11112
Chad_Henne,11110
The_Vanished_(2020_film),11108
Fire_in_the_Sky,11102
List_of_highest-grossing_films,11101
Incumbent,11100
My_Hero_Academia,11093
Super_Bowl,11092
Charlie_Sheen,11090
Miley_Cyrus,11089
2020–2021_Indian_farmers'_protest,11089
1998_Sokcho_submarine_incident,11081
Trent_Baalke,11079
Wayne_Rooney,11064
Turkey,11059
Atomic_bombings_of_Hiroshima_and_Nagasaki,11051
Gwyneth_Paltrow,11049
The_Pembrokeshire_Murders,11022
Operation_Mockingbird,11019
Ross_Ulbricht,11007
Mark_Wahlberg,11006
Ann_Dunham,11002
Michelle_Robinson,10991
Snowpiercer,10971
List_of_Tor_onion_services,10953
Rihanna,10946
Wolfgang_Amadeus_Mozart,10945
Saint_Sebastian,10937
Los_Angeles,10923
Executive_Order_13770,10922
United_States_presidential_election,10919
Drake_(musician),10914
Josef_Bican,10912
2020_Democratic_Party_presidential_primaries,10911
Robinette,10907
Robert_E._Lee,10883
Harvard_University,10878
Capricorn_(astrology),10864
Shaquille_O'Neal,10861
Maldives,10852
Barack_Obama_Sr.,10843
Twenty-second_Amendment_to_the_United_States_Constitution,10837
Puerto_Rico,10833
Inna_Lillahi_wa_inna_ilayhi_raji'un,10823
Amy_Carter,10819
PlayerUnknown's_Battlegrounds,10812
Wealth_of_Donald_Trump,10801
Alfred_the_Great,10798
List_of_most-subscribed_YouTube_channels,10795
Servant_(TV_series),10789
English_Wikipedia,10788
Paul_Pogba,10785
Cate_Blanchett,10776
Transgender,10774
Anthony_Fauci,10772
Wikipedia:Protection_policy,10751
Gigi_Hadid,10736
Leicester_City_F.C.,10736
Kathryn_Hahn,10705
".bf",10695
Continent,10680
Deaths_in_January_2021,10665
Genghis_Khan,10665
Harry_Potter,10662
Ted_Kennedy,10656
2021_Ugandan_general_election,10647
Dog,10642
List_of_nicknames_used_by_Donald_Trump,10641
Murder_of_Lana_Clarkson,10635
List_of_Oval_Office_desks,10612
America_Ferrera,10611
Anne_Frank,10603
Willie_Brown_(politician),10603
Katie_Holmes,10598
Sean_Murray_(actor),10593
"Don't_Toy_With_Me,_Miss_Nagatoro",10584
Roxanne_Modafferi,10581
XVideos,10567
Rupert_Murdoch,10558
American_Gods_(TV_series),10557
Eugene_Levy,10556
Elton_John,10554
Ben_Shapiro,10547
Married_at_First_Sight_(Australian_TV_series),10539
Roblox,10538
Robert_Saleh,10528
Sarah_Levy,10525
European_Union,10525
Friends,10521
Queen_Elizabeth_The_Queen_Mother,10515
The_Penthouse:_War_in_Life,10480
Chelsea_F.C.,10470
Ruby_Rose,10468
Virgin_River_(TV_series),10444
Lucifer_(TV_series),10443
List_of_amendments_to_the_United_States_Constitution,10440
Wonder_Egg_Priority,10439
"ʻOumuamua",10434
All_American_(TV_series),10433
John_Lennon,10422
Joaquin_Phoenix,10419
David_Attenborough,10415
Stephen_Miller_(political_advisor),10408
Deshaun_Watson,10406
United_States_Secretary_of_Defense,10400
Pornography,10392
Regina_King,10392
Ravi_Shastri,10391
America_the_Beautiful,10389
Natali_Germanotta,10387
New_World_Order_(conspiracy_theory),10381
"Prince_William,_Duke_of_Cambridge",10379
2020_Toyota_Thailand_Open,10373
Giancarlo_Esposito,10373
Vijay_(actor),10366
The_Lincoln_Project,10363
Twitter,10361
Generation_Z,10356
American_Horror_Story,10354
Millie_Bobby_Brown,10317
Abdul_Karim_(the_Munshi),10311
Find_My_iPhone,10310
YNW_Melly,10309
Ronan_Keating,10282
Burj_Khalifa,10278
Lolita,10273
Kevin_Durant,10270
Joe_Biden_1988_presidential_campaign,10257
Willian_José,10255
Gina_Haspel,10249
England,10249
Morven_Christie,10237
Attack_on_Pearl_Harbor,10229
Aaliyah,10220
Mount_Rushmore,10218
Adjoa_Andoh,10216
United_Nations,10207
Ozark_(TV_series),10204
Jodie_Foster,10193
Run_Hide_Fight,10190
A._P._J._Abdul_Kalam,10189
No_Time_to_Die,10188
Executive_Order_13769,10179
Political_positions_of_Joe_Biden,10177
9-1-1_(TV_series),10175
Nicolas_Cage,10174
The_Walking_Dead_(TV_series),10173
This_Is_Us,10162
Helen_Keller,10156
Natalie_Portman,10154
Matt_Schnell,10150
First_inauguration_of_Ulysses_S._Grant,10145
The_Epoch_Times,10143
Dune_(2021_film),10139
Blackpink,10131
Doctor_of_Education,10121
Kyra_Sedgwick,10101
Boeing_VC-25,10099
Aviem_Sella,10096
Selena,10086
"Scranton,_Pennsylvania",10081
Bangladesh,10056
The_Blacklist_(TV_series),10054
Murder_of_Dee_Dee_Blanchard,10050
Queen's_Gambit,10046
MrBeast,10038
Pansexuality,10037
"ツ",10034
Catherine_O'Hara,10029
Stephen_Curry,10018
Earth,10016
Ben_Feldman,10011
Alexander_Skarsgård,10011
Hamilton_(musical),10003
